sub,error_rate,errors,n
Recon-OSScan,0.5553047404063205,246,443
Recon-PingSweep,0.45454545454545453,5,11
Recon-PortScan,0.32786885245901637,120,366
BrowserHijacking,0.2962962962962963,8,27
XSS,0.29411764705882354,5,17
SqlInjection,0.2916666666666667,7,24
DNS_Spoofing,0.2885085574572127,236,818
DictionaryBruteForce,0.2833333333333333,17,60
CommandInjection,0.25,6,24
MITM-ArpSpoofing,0.1826783114992722,251,1374
Uploading_Attack,0.16666666666666666,1,6
Recon-HostDiscovery,0.07679465776293823,46,599
BenignTraffic,0.06711684059750359,328,4887
Backdoor_Malware,0.058823529411764705,1,17
DDoS-ACK_Fragmentation,0.0007733952049497294,1,1293
DDoS-TCP_Flood,5.878549174063841e-05,1,17011
DDoS-ICMP_Flood,0.0,0,22756
DDoS-HTTP_Flood,0.0,0,134
DDoS-UDP_Flood,0.0,0,24273
DDoS-UDP_Fragmentation,0.0,0,1285
DDoS-SlowLoris,0.0,0,107
DDoS-SynonymousIP_Flood,0.0,0,15307
DDoS-SYN_Flood,0.0,0,16340
DDoS-ICMP_Fragmentation,0.0,0,2027
DDoS-PSHACK_Flood,0.0,0,15123
DDoS-RSTFINFlood,0.0,0,13328
Mirai-udpplain,0.0,0,3999
Mirai-greip_flood,0.0,0,3221
Mirai-greeth_flood,0.0,0,4149
DoS-UDP_Flood,0.0,0,14556
DoS-SYN_Flood,0.0,0,8731
DoS-TCP_Flood,0.0,0,11063
DoS-HTTP_Flood,0.0,0,316
VulnerabilityScan,0.0,0,165
