step,test_index,segment,burst,sub_label,true,p_malicious,pred,outcome,run_accuracy,run_precision,run_recall,run_f1
1,80514,0,,BenignTraffic,0,0.011340952,0,TN,1.0,,,
2,71946,0,,BenignTraffic,0,0.0023095962,0,TN,1.0,,,
3,160830,0,,BenignTraffic,0,0.0041618966,0,TN,1.0,,,
4,16452,0,,BenignTraffic,0,0.00534784,0,TN,1.0,,,
5,151746,0,,BenignTraffic,0,0.021525968,0,TN,1.0,,,
6,17889,0,,BenignTraffic,0,0.0023512847,0,TN,1.0,,,
7,121884,0,,BenignTraffic,0,0.021896726,0,TN,1.0,,,
8,136226,0,,BenignTraffic,0,0.021410275,0,TN,1.0,,,
9,125983,0,,BenignTraffic,0,0.025591178,0,TN,1.0,,,
10,31872,0,,BenignTraffic,0,0.0029325066,0,TN,1.0,,,
11,57894,0,,BenignTraffic,0,0.04638576,0,TN,1.0,,,
12,146846,0,,BenignTraffic,0,0.008414096,0,TN,1.0,,,
13,42195,0,,BenignTraffic,0,0.01928378,0,TN,1.0,,,
14,95256,0,,BenignTraffic,0,0.002384887,0,TN,1.0,,,
15,1409,0,,BenignTraffic,0,0.0024844988,0,TN,1.0,,,
16,116415,0,,BenignTraffic,0,0.048475012,0,TN,1.0,,,
17,152237,0,,BenignTraffic,0,0.00409307,0,TN,1.0,,,
18,8583,0,,BenignTraffic,0,0.025235662,0,TN,1.0,,,
19,148029,0,,BenignTraffic,0,0.007884104,0,TN,1.0,,,
20,39774,0,,BenignTraffic,0,0.00246272,0,TN,1.0,,,
21,79982,0,,BenignTraffic,0,0.031706546,0,TN,1.0,,,
22,124217,0,,BenignTraffic,0,0.034511384,0,TN,1.0,,,
23,155320,0,,BenignTraffic,0,0.002334776,0,TN,1.0,,,
24,146348,0,,BenignTraffic,0,0.003442426,0,TN,1.0,,,
25,23320,0,,BenignTraffic,0,0.004746698,0,TN,1.0,,,
26,140247,0,,BenignTraffic,0,0.0038049822,0,TN,1.0,,,
27,128620,0,,BenignTraffic,0,0.002355296,0,TN,1.0,,,
28,66304,0,,BenignTraffic,0,0.040378407,0,TN,1.0,,,
29,134075,0,,BenignTraffic,0,0.0023172894,0,TN,1.0,,,
30,29233,0,,BenignTraffic,0,0.0068893703,0,TN,1.0,,,
31,17262,0,,BenignTraffic,0,0.044906985,0,TN,1.0,,,
32,56009,0,,BenignTraffic,0,0.030320369,0,TN,1.0,,,
33,131388,0,,BenignTraffic,0,0.19379441,0,TN,1.0,,,
34,48290,0,,BenignTraffic,0,0.0023918755,0,TN,1.0,,,
35,140683,0,,BenignTraffic,0,0.0024146046,0,TN,1.0,,,
36,34048,0,,BenignTraffic,0,0.04311738,0,TN,1.0,,,
37,114551,0,,BenignTraffic,0,0.027102467,0,TN,1.0,,,
38,150842,0,,BenignTraffic,0,0.0023253297,0,TN,1.0,,,
39,139605,0,,BenignTraffic,0,0.008141876,0,TN,1.0,,,
40,136489,0,,BenignTraffic,0,0.0023245523,0,TN,1.0,,,
41,91298,0,,BenignTraffic,0,0.0027689831,0,TN,1.0,,,
42,121628,0,,BenignTraffic,0,0.0023307211,0,TN,1.0,,,
43,15920,0,,BenignTraffic,0,0.026906596,0,TN,1.0,,,
44,134408,0,,BenignTraffic,0,0.006457778,0,TN,1.0,,,
45,90988,0,,BenignTraffic,0,0.0022905052,0,TN,1.0,,,
46,17012,0,,BenignTraffic,0,0.003549801,0,TN,1.0,,,
47,100276,0,,BenignTraffic,0,0.0023049696,0,TN,1.0,,,
48,149193,0,,BenignTraffic,0,0.038011007,0,TN,1.0,,,
49,144238,0,,BenignTraffic,0,0.01306412,0,TN,1.0,,,
50,153631,0,,BenignTraffic,0,0.003778501,0,TN,1.0,,,
51,137980,0,,BenignTraffic,0,0.006741968,0,TN,1.0,,,
52,164303,0,,BenignTraffic,0,0.0027052667,0,TN,1.0,,,
53,176686,0,,BenignTraffic,0,0.023597,0,TN,1.0,,,
54,84226,0,,BenignTraffic,0,0.003940306,0,TN,1.0,,,
55,13036,0,,BenignTraffic,0,0.0023021158,0,TN,1.0,,,
56,99406,0,,BenignTraffic,0,0.05410602,0,TN,1.0,,,
57,79185,0,,BenignTraffic,0,0.006107647,0,TN,1.0,,,
58,167461,0,,BenignTraffic,0,0.05406706,0,TN,1.0,,,
59,113997,0,,BenignTraffic,0,0.015406182,0,TN,1.0,,,
60,85395,0,,BenignTraffic,0,0.007020426,0,TN,1.0,,,
61,162127,0,,BenignTraffic,0,0.065127805,0,TN,1.0,,,
62,58993,0,,BenignTraffic,0,0.0057518883,0,TN,1.0,,,
63,172224,0,,BenignTraffic,0,0.051882163,0,TN,1.0,,,
64,35063,0,,BenignTraffic,0,0.01846928,0,TN,1.0,,,
65,25275,0,,BenignTraffic,0,0.0023468002,0,TN,1.0,,,
66,79377,0,,BenignTraffic,0,0.0023335055,0,TN,1.0,,,
67,86784,0,,BenignTraffic,0,0.0023773094,0,TN,1.0,,,
68,65356,0,,BenignTraffic,0,0.040422276,0,TN,1.0,,,
69,80927,0,,BenignTraffic,0,0.0023215783,0,TN,1.0,,,
70,153398,0,,BenignTraffic,0,0.0022871853,0,TN,1.0,,,
71,77221,0,,BenignTraffic,0,0.002333792,0,TN,1.0,,,
72,145223,0,,BenignTraffic,0,0.0023563583,0,TN,1.0,,,
73,22689,0,,BenignTraffic,0,0.047457635,0,TN,1.0,,,
74,51188,0,,BenignTraffic,0,0.0035229817,0,TN,1.0,,,
75,124162,0,,BenignTraffic,0,0.018585775,0,TN,1.0,,,
76,87005,0,,BenignTraffic,0,0.013997032,0,TN,1.0,,,
77,39573,0,,BenignTraffic,0,0.002596444,0,TN,1.0,,,
78,65538,0,,BenignTraffic,0,0.012798036,0,TN,1.0,,,
79,93146,0,,BenignTraffic,0,0.0023570645,0,TN,1.0,,,
80,102902,0,,BenignTraffic,0,0.0285613,0,TN,1.0,,,
81,12019,0,,BenignTraffic,0,0.0023827506,0,TN,1.0,,,
82,98659,0,,BenignTraffic,0,0.0023117121,0,TN,1.0,,,
83,117385,0,,BenignTraffic,0,0.0023301688,0,TN,1.0,,,
84,151783,0,,BenignTraffic,0,0.0055881226,0,TN,1.0,,,
85,35428,0,,BenignTraffic,0,0.0025664163,0,TN,1.0,,,
86,14343,0,,BenignTraffic,0,0.0024255763,0,TN,1.0,,,
87,122226,0,,BenignTraffic,0,0.061315406,0,TN,1.0,,,
88,69577,0,,BenignTraffic,0,0.03766926,0,TN,1.0,,,
89,142231,0,,BenignTraffic,0,0.0026923725,0,TN,1.0,,,
90,137002,0,,BenignTraffic,0,0.0061475676,0,TN,1.0,,,
91,27664,0,,BenignTraffic,0,0.0023008347,0,TN,1.0,,,
92,64582,0,,BenignTraffic,0,0.011281281,0,TN,1.0,,,
93,33267,0,,BenignTraffic,0,0.00231437,0,TN,1.0,,,
94,124307,0,,BenignTraffic,0,0.006092137,0,TN,1.0,,,
95,143554,0,,BenignTraffic,0,0.00257841,0,TN,1.0,,,
96,28737,0,,BenignTraffic,0,0.022019416,0,TN,1.0,,,
97,176433,0,,BenignTraffic,0,0.019635461,0,TN,1.0,,,
98,74234,0,,BenignTraffic,0,0.0023796337,0,TN,1.0,,,
99,164668,0,,BenignTraffic,0,0.004450598,0,TN,1.0,,,
100,63054,0,,BenignTraffic,0,0.0023057086,0,TN,1.0,,,
101,175990,0,,BenignTraffic,0,0.008973802,0,TN,1.0,,,
102,115889,0,,BenignTraffic,0,0.008717979,0,TN,1.0,,,
103,128241,0,,BenignTraffic,0,0.022509787,0,TN,1.0,,,
104,78261,0,,BenignTraffic,0,0.0031968062,0,TN,1.0,,,
105,123395,0,,BenignTraffic,0,0.015985377,0,TN,1.0,,,
106,84657,0,,BenignTraffic,0,0.014037483,0,TN,1.0,,,
107,140283,0,,BenignTraffic,0,0.009143358,0,TN,1.0,,,
108,168001,0,,BenignTraffic,0,0.0033800642,0,TN,1.0,,,
109,126831,0,,BenignTraffic,0,0.04591256,0,TN,1.0,,,
110,81109,0,,BenignTraffic,0,0.008530272,0,TN,1.0,,,
111,144113,1,DDoS-UDP_Flood,DDoS-UDP_Flood,1,0.9999976,1,TP,1.0,1.0,1.0,1.0
112,147663,1,DDoS-UDP_Flood,DDoS-UDP_Flood,1,0.9999976,1,TP,1.0,1.0,1.0,1.0
113,138653,1,DDoS-UDP_Flood,DDoS-UDP_Flood,1,0.9999976,1,TP,1.0,1.0,1.0,1.0
114,181854,1,DDoS-UDP_Flood,DDoS-UDP_Flood,1,0.9999976,1,TP,1.0,1.0,1.0,1.0
115,15268,1,DDoS-UDP_Flood,DDoS-UDP_Flood,1,0.9999976,1,TP,1.0,1.0,1.0,1.0
116,32305,1,DDoS-UDP_Flood,DDoS-UDP_Flood,1,0.9999976,1,TP,1.0,1.0,1.0,1.0
117,131398,1,DDoS-UDP_Flood,DDoS-UDP_Flood,1,0.9999976,1,TP,1.0,1.0,1.0,1.0
118,88739,1,DDoS-UDP_Flood,DDoS-UDP_Flood,1,0.9999976,1,TP,1.0,1.0,1.0,1.0
119,143550,1,DDoS-UDP_Flood,DDoS-UDP_Flood,1,0.9999976,1,TP,1.0,1.0,1.0,1.0
120,99946,1,DDoS-UDP_Flood,DDoS-UDP_Flood,1,0.9999976,1,TP,1.0,1.0,1.0,1.0
121,169414,1,DDoS-UDP_Flood,DDoS-UDP_Flood,1,0.9999976,1,TP,1.0,1.0,1.0,1.0
122,128523,1,DDoS-UDP_Flood,DDoS-UDP_Flood,1,0.9999976,1,TP,1.0,1.0,1.0,1.0
123,114631,1,DDoS-UDP_Flood,DDoS-UDP_Flood,1,0.9999976,1,TP,1.0,1.0,1.0,1.0
124,82133,1,DDoS-UDP_Flood,DDoS-UDP_Flood,1,0.9999976,1,TP,1.0,1.0,1.0,1.0
125,36851,1,DDoS-UDP_Flood,DDoS-UDP_Flood,1,0.9999976,1,TP,1.0,1.0,1.0,1.0
126,90529,1,DDoS-UDP_Flood,DDoS-UDP_Flood,1,0.9999976,1,TP,1.0,1.0,1.0,1.0
127,122916,1,DDoS-UDP_Flood,DDoS-UDP_Flood,1,0.9999976,1,TP,1.0,1.0,1.0,1.0
128,15545,1,DDoS-UDP_Flood,DDoS-UDP_Flood,1,0.9999976,1,TP,1.0,1.0,1.0,1.0
129,63772,1,DDoS-UDP_Flood,DDoS-UDP_Flood,1,0.9999976,1,TP,1.0,1.0,1.0,1.0
130,31230,1,DDoS-UDP_Flood,DDoS-UDP_Flood,1,0.9999976,1,TP,1.0,1.0,1.0,1.0
131,114864,1,DDoS-UDP_Flood,DDoS-UDP_Flood,1,0.9999976,1,TP,1.0,1.0,1.0,1.0
132,145322,1,DDoS-UDP_Flood,DDoS-UDP_Flood,1,0.9999976,1,TP,1.0,1.0,1.0,1.0
133,90326,1,DDoS-UDP_Flood,DDoS-UDP_Flood,1,0.9999976,1,TP,1.0,1.0,1.0,1.0
134,18968,1,DDoS-UDP_Flood,DDoS-UDP_Flood,1,0.9999976,1,TP,1.0,1.0,1.0,1.0
135,25561,1,DDoS-UDP_Flood,DDoS-UDP_Flood,1,0.9999976,1,TP,1.0,1.0,1.0,1.0
136,106707,1,DDoS-UDP_Flood,DDoS-UDP_Flood,1,0.9999976,1,TP,1.0,1.0,1.0,1.0
137,29422,1,DDoS-UDP_Flood,DDoS-UDP_Flood,1,0.9999976,1,TP,1.0,1.0,1.0,1.0
138,123887,1,DDoS-UDP_Flood,DDoS-UDP_Flood,1,0.9999976,1,TP,1.0,1.0,1.0,1.0
139,84966,1,DDoS-UDP_Flood,DDoS-UDP_Flood,1,0.9999976,1,TP,1.0,1.0,1.0,1.0
140,87135,1,DDoS-UDP_Flood,DDoS-UDP_Flood,1,0.9999976,1,TP,1.0,1.0,1.0,1.0
141,89530,1,DDoS-UDP_Flood,DDoS-UDP_Flood,1,0.9999976,1,TP,1.0,1.0,1.0,1.0
142,32097,1,DDoS-UDP_Flood,DDoS-UDP_Flood,1,0.9999976,1,TP,1.0,1.0,1.0,1.0
143,50489,1,DDoS-UDP_Flood,DDoS-UDP_Flood,1,0.9999976,1,TP,1.0,1.0,1.0,1.0
144,120822,1,DDoS-UDP_Flood,DDoS-UDP_Flood,1,0.9999976,1,TP,1.0,1.0,1.0,1.0
145,100589,1,DDoS-UDP_Flood,DDoS-UDP_Flood,1,0.9999976,1,TP,1.0,1.0,1.0,1.0
146,171942,1,DDoS-UDP_Flood,DDoS-UDP_Flood,1,0.9999976,1,TP,1.0,1.0,1.0,1.0
147,108380,1,DDoS-UDP_Flood,DDoS-UDP_Flood,1,0.9999976,1,TP,1.0,1.0,1.0,1.0
148,118778,1,DDoS-UDP_Flood,DDoS-UDP_Flood,1,0.9999976,1,TP,1.0,1.0,1.0,1.0
149,131765,1,DDoS-UDP_Flood,DDoS-UDP_Flood,1,0.9999976,1,TP,1.0,1.0,1.0,1.0
150,3507,1,DDoS-UDP_Flood,DDoS-UDP_Flood,1,0.9999976,1,TP,1.0,1.0,1.0,1.0
151,55040,1,DDoS-UDP_Flood,DDoS-UDP_Flood,1,0.9999976,1,TP,1.0,1.0,1.0,1.0
152,107757,1,DDoS-UDP_Flood,DDoS-UDP_Flood,1,0.9999976,1,TP,1.0,1.0,1.0,1.0
153,90797,1,DDoS-UDP_Flood,DDoS-UDP_Flood,1,0.9999976,1,TP,1.0,1.0,1.0,1.0
154,12016,1,DDoS-UDP_Flood,DDoS-UDP_Flood,1,0.9999976,1,TP,1.0,1.0,1.0,1.0
155,27580,1,DDoS-UDP_Flood,DDoS-UDP_Flood,1,0.9999976,1,TP,1.0,1.0,1.0,1.0
156,156538,1,DDoS-UDP_Flood,DDoS-UDP_Flood,1,0.9999976,1,TP,1.0,1.0,1.0,1.0
157,138782,1,DDoS-UDP_Flood,DDoS-UDP_Flood,1,0.9999976,1,TP,1.0,1.0,1.0,1.0
158,54055,1,DDoS-UDP_Flood,DDoS-UDP_Flood,1,0.9999976,1,TP,1.0,1.0,1.0,1.0
159,34366,1,DDoS-UDP_Flood,DDoS-UDP_Flood,1,0.9999976,1,TP,1.0,1.0,1.0,1.0
160,105045,1,DDoS-UDP_Flood,DDoS-UDP_Flood,1,0.9999976,1,TP,1.0,1.0,1.0,1.0
161,56187,1,DDoS-UDP_Flood,DDoS-UDP_Flood,1,0.9999976,1,TP,1.0,1.0,1.0,1.0
162,175828,1,DDoS-UDP_Flood,DDoS-UDP_Flood,1,0.9999976,1,TP,1.0,1.0,1.0,1.0
163,7534,1,DDoS-UDP_Flood,DDoS-UDP_Flood,1,0.9999976,1,TP,1.0,1.0,1.0,1.0
164,121214,1,DDoS-UDP_Flood,DDoS-UDP_Flood,1,0.9999976,1,TP,1.0,1.0,1.0,1.0
165,106174,1,DDoS-UDP_Flood,DDoS-UDP_Flood,1,0.9999976,1,TP,1.0,1.0,1.0,1.0
166,32799,1,DDoS-UDP_Flood,DDoS-UDP_Flood,1,0.9999976,1,TP,1.0,1.0,1.0,1.0
167,4197,1,DDoS-UDP_Flood,DDoS-UDP_Flood,1,0.9999976,1,TP,1.0,1.0,1.0,1.0
168,23283,1,DDoS-UDP_Flood,DDoS-UDP_Flood,1,0.9999976,1,TP,1.0,1.0,1.0,1.0
169,112133,1,DDoS-UDP_Flood,DDoS-UDP_Flood,1,0.9999976,1,TP,1.0,1.0,1.0,1.0
170,107064,1,DDoS-UDP_Flood,DDoS-UDP_Flood,1,0.9999976,1,TP,1.0,1.0,1.0,1.0
171,83632,1,DDoS-UDP_Flood,DDoS-UDP_Flood,1,0.9999976,1,TP,1.0,1.0,1.0,1.0
172,79139,1,DDoS-UDP_Flood,DDoS-UDP_Flood,1,0.9999976,1,TP,1.0,1.0,1.0,1.0
173,76246,1,DDoS-UDP_Flood,DDoS-UDP_Flood,1,0.9999976,1,TP,1.0,1.0,1.0,1.0
174,76730,1,DDoS-UDP_Flood,DDoS-UDP_Flood,1,0.9999976,1,TP,1.0,1.0,1.0,1.0
175,60441,1,DDoS-UDP_Flood,DDoS-UDP_Flood,1,0.9999976,1,TP,1.0,1.0,1.0,1.0
176,26299,1,DDoS-UDP_Flood,DDoS-UDP_Flood,1,0.9999976,1,TP,1.0,1.0,1.0,1.0
177,17325,1,DDoS-UDP_Flood,DDoS-UDP_Flood,1,0.9999976,1,TP,1.0,1.0,1.0,1.0
178,81176,1,DDoS-UDP_Flood,DDoS-UDP_Flood,1,0.9999976,1,TP,1.0,1.0,1.0,1.0
179,56651,1,DDoS-UDP_Flood,DDoS-UDP_Flood,1,0.9999976,1,TP,1.0,1.0,1.0,1.0
180,85886,1,DDoS-UDP_Flood,DDoS-UDP_Flood,1,0.9999976,1,TP,1.0,1.0,1.0,1.0
181,65034,2,,BenignTraffic,0,0.0023121776,0,TN,1.0,1.0,1.0,1.0
182,182843,2,,BenignTraffic,0,0.016894769,0,TN,1.0,1.0,1.0,1.0
183,170837,2,,BenignTraffic,0,0.0096568,0,TN,1.0,1.0,1.0,1.0
184,23578,2,,BenignTraffic,0,0.0038930061,0,TN,1.0,1.0,1.0,1.0
185,31362,2,,BenignTraffic,0,0.0072427923,0,TN,1.0,1.0,1.0,1.0
186,120734,2,,BenignTraffic,0,0.0048928014,0,TN,1.0,1.0,1.0,1.0
187,162124,2,,BenignTraffic,0,0.0023067761,0,TN,1.0,1.0,1.0,1.0
188,67287,2,,BenignTraffic,0,0.013833972,0,TN,1.0,1.0,1.0,1.0
189,150822,2,,BenignTraffic,0,0.01724412,0,TN,1.0,1.0,1.0,1.0
190,21942,2,,BenignTraffic,0,0.037553586,0,TN,1.0,1.0,1.0,1.0
191,103600,2,,BenignTraffic,0,0.0023177434,0,TN,1.0,1.0,1.0,1.0
192,158512,2,,BenignTraffic,0,0.021020424,0,TN,1.0,1.0,1.0,1.0
193,125646,2,,BenignTraffic,0,0.024128709,0,TN,1.0,1.0,1.0,1.0
194,122575,2,,BenignTraffic,0,0.0063069346,0,TN,1.0,1.0,1.0,1.0
195,34208,2,,BenignTraffic,0,0.02455786,0,TN,1.0,1.0,1.0,1.0
196,3793,2,,BenignTraffic,0,0.0074682813,0,TN,1.0,1.0,1.0,1.0
197,38896,2,,BenignTraffic,0,0.0023264685,0,TN,1.0,1.0,1.0,1.0
198,92998,2,,BenignTraffic,0,0.058631666,0,TN,1.0,1.0,1.0,1.0
199,52659,2,,BenignTraffic,0,0.0024637019,0,TN,1.0,1.0,1.0,1.0
200,59100,2,,BenignTraffic,0,0.0025114801,0,TN,1.0,1.0,1.0,1.0
201,108648,2,,BenignTraffic,0,0.02205503,0,TN,1.0,1.0,1.0,1.0
202,170092,2,,BenignTraffic,0,0.0022987765,0,TN,1.0,1.0,1.0,1.0
203,22280,2,,BenignTraffic,0,0.007216115,0,TN,1.0,1.0,1.0,1.0
204,175975,2,,BenignTraffic,0,0.0023403028,0,TN,1.0,1.0,1.0,1.0
205,172393,2,,BenignTraffic,0,0.0025307408,0,TN,1.0,1.0,1.0,1.0
206,964,2,,BenignTraffic,0,0.0025327515,0,TN,1.0,1.0,1.0,1.0
207,170436,2,,BenignTraffic,0,0.0022973653,0,TN,1.0,1.0,1.0,1.0
208,45517,2,,BenignTraffic,0,0.0024023547,0,TN,1.0,1.0,1.0,1.0
209,35274,2,,BenignTraffic,0,0.0027639251,0,TN,1.0,1.0,1.0,1.0
210,159328,2,,BenignTraffic,0,0.013665208,0,TN,1.0,1.0,1.0,1.0
211,15116,2,,BenignTraffic,0,0.009643699,0,TN,1.0,1.0,1.0,1.0
212,84598,2,,BenignTraffic,0,0.007449916,0,TN,1.0,1.0,1.0,1.0
213,138825,2,,BenignTraffic,0,0.14276226,0,TN,1.0,1.0,1.0,1.0
214,78084,2,,BenignTraffic,0,0.058029935,0,TN,1.0,1.0,1.0,1.0
215,4629,2,,BenignTraffic,0,0.04587629,0,TN,1.0,1.0,1.0,1.0
216,78566,2,,BenignTraffic,0,0.012787317,0,TN,1.0,1.0,1.0,1.0
217,23744,2,,BenignTraffic,0,0.002291387,0,TN,1.0,1.0,1.0,1.0
218,41601,2,,BenignTraffic,0,0.019524928,0,TN,1.0,1.0,1.0,1.0
219,161427,2,,BenignTraffic,0,0.058508296,0,TN,1.0,1.0,1.0,1.0
220,40056,2,,BenignTraffic,0,0.016346015,0,TN,1.0,1.0,1.0,1.0
221,8599,2,,BenignTraffic,0,0.0023853197,0,TN,1.0,1.0,1.0,1.0
222,160664,2,,BenignTraffic,0,0.019317595,0,TN,1.0,1.0,1.0,1.0
223,20604,2,,BenignTraffic,0,0.003029808,0,TN,1.0,1.0,1.0,1.0
224,133859,2,,BenignTraffic,0,0.0023016995,0,TN,1.0,1.0,1.0,1.0
225,73339,2,,BenignTraffic,0,0.0023200314,0,TN,1.0,1.0,1.0,1.0
226,56261,2,,BenignTraffic,0,0.023619533,0,TN,1.0,1.0,1.0,1.0
227,129666,2,,BenignTraffic,0,0.04332556,0,TN,1.0,1.0,1.0,1.0
228,105580,2,,BenignTraffic,0,0.0025480154,0,TN,1.0,1.0,1.0,1.0
229,91464,2,,BenignTraffic,0,0.0073933043,0,TN,1.0,1.0,1.0,1.0
230,5288,2,,BenignTraffic,0,0.003685716,0,TN,1.0,1.0,1.0,1.0
231,48892,2,,BenignTraffic,0,0.0024082817,0,TN,1.0,1.0,1.0,1.0
232,12823,2,,BenignTraffic,0,0.0023141725,0,TN,1.0,1.0,1.0,1.0
233,132190,2,,BenignTraffic,0,0.00230793,0,TN,1.0,1.0,1.0,1.0
234,129702,2,,BenignTraffic,0,0.01050226,0,TN,1.0,1.0,1.0,1.0
235,95922,2,,BenignTraffic,0,0.01234003,0,TN,1.0,1.0,1.0,1.0
236,177622,2,,BenignTraffic,0,0.009775213,0,TN,1.0,1.0,1.0,1.0
237,66256,2,,BenignTraffic,0,0.0060860105,0,TN,1.0,1.0,1.0,1.0
238,25647,2,,BenignTraffic,0,0.013717043,0,TN,1.0,1.0,1.0,1.0
239,17323,2,,BenignTraffic,0,0.0023347405,0,TN,1.0,1.0,1.0,1.0
240,94177,2,,BenignTraffic,0,0.009743914,0,TN,1.0,1.0,1.0,1.0
241,55209,2,,BenignTraffic,0,0.017261663,0,TN,1.0,1.0,1.0,1.0
242,152212,2,,BenignTraffic,0,0.01206305,0,TN,1.0,1.0,1.0,1.0
243,48875,2,,BenignTraffic,0,0.003857122,0,TN,1.0,1.0,1.0,1.0
244,71828,2,,BenignTraffic,0,0.0034680448,0,TN,1.0,1.0,1.0,1.0
245,181844,2,,BenignTraffic,0,0.0032636484,0,TN,1.0,1.0,1.0,1.0
246,27215,2,,BenignTraffic,0,0.0024658134,0,TN,1.0,1.0,1.0,1.0
247,150122,2,,BenignTraffic,0,0.003129094,0,TN,1.0,1.0,1.0,1.0
248,23610,2,,BenignTraffic,0,0.011219624,0,TN,1.0,1.0,1.0,1.0
249,90220,2,,BenignTraffic,0,0.005454231,0,TN,1.0,1.0,1.0,1.0
250,75363,2,,BenignTraffic,0,0.0024883861,0,TN,1.0,1.0,1.0,1.0
251,134016,2,,BenignTraffic,0,0.056676157,0,TN,1.0,1.0,1.0,1.0
252,140417,2,,BenignTraffic,0,0.0028750312,0,TN,1.0,1.0,1.0,1.0
253,53792,2,,BenignTraffic,0,0.026342034,0,TN,1.0,1.0,1.0,1.0
254,15784,2,,BenignTraffic,0,0.010961651,0,TN,1.0,1.0,1.0,1.0
255,133691,2,,BenignTraffic,0,0.0022908289,0,TN,1.0,1.0,1.0,1.0
256,134229,2,,BenignTraffic,0,0.06383517,0,TN,1.0,1.0,1.0,1.0
257,170605,2,,BenignTraffic,0,0.0022989057,0,TN,1.0,1.0,1.0,1.0
258,138204,2,,BenignTraffic,0,0.0023498323,0,TN,1.0,1.0,1.0,1.0
259,177642,2,,BenignTraffic,0,0.035966255,0,TN,1.0,1.0,1.0,1.0
260,55702,2,,BenignTraffic,0,0.0023709114,0,TN,1.0,1.0,1.0,1.0
261,146195,2,,BenignTraffic,0,0.0025842092,0,TN,1.0,1.0,1.0,1.0
262,30927,2,,BenignTraffic,0,0.0023310757,0,TN,1.0,1.0,1.0,1.0
263,118944,2,,BenignTraffic,0,0.0024172156,0,TN,1.0,1.0,1.0,1.0
264,91778,2,,BenignTraffic,0,0.0023407103,0,TN,1.0,1.0,1.0,1.0
265,2823,2,,BenignTraffic,0,0.0023327256,0,TN,1.0,1.0,1.0,1.0
266,160959,2,,BenignTraffic,0,0.0689421,0,TN,1.0,1.0,1.0,1.0
267,56796,2,,BenignTraffic,0,0.04872641,0,TN,1.0,1.0,1.0,1.0
268,179317,2,,BenignTraffic,0,0.0023001977,0,TN,1.0,1.0,1.0,1.0
269,93772,2,,BenignTraffic,0,0.0023453305,0,TN,1.0,1.0,1.0,1.0
270,6375,2,,BenignTraffic,0,0.010678745,0,TN,1.0,1.0,1.0,1.0
271,140079,3,Recon-PortScan,Recon-PortScan,1,0.9999976,1,TP,1.0,1.0,1.0,1.0
272,15799,3,Recon-PortScan,Recon-PortScan,1,0.9999976,1,TP,1.0,1.0,1.0,1.0
273,11175,3,Recon-PortScan,Recon-PortScan,1,0.9999976,1,TP,1.0,1.0,1.0,1.0
274,50010,3,Recon-PortScan,Recon-PortScan,1,0.04183141,0,FN,0.9963503649635036,1.0,0.9864864864864865,0.9931972789115646
275,7696,3,Recon-PortScan,Recon-PortScan,1,0.047976024,0,FN,0.9927272727272727,1.0,0.9733333333333334,0.9864864864864865
276,8149,3,Recon-PortScan,Recon-PortScan,1,0.07902269,0,FN,0.9891304347826086,1.0,0.9605263157894737,0.9798657718120806
277,85298,3,Recon-PortScan,Recon-PortScan,1,0.049871936,0,FN,0.9855595667870036,1.0,0.948051948051948,0.9733333333333334
278,175791,3,Recon-PortScan,Recon-PortScan,1,0.045417406,0,FN,0.9820143884892086,1.0,0.9358974358974359,0.9668874172185431
279,166339,3,Recon-PortScan,Recon-PortScan,1,0.032650884,0,FN,0.978494623655914,1.0,0.9240506329113924,0.9605263157894737
280,110935,3,Recon-PortScan,Recon-PortScan,1,0.2558598,0,FN,0.975,1.0,0.9125,0.954248366013072
281,3651,3,Recon-PortScan,Recon-PortScan,1,0.29081056,0,FN,0.9715302491103203,1.0,0.9012345679012346,0.948051948051948
282,177079,3,Recon-PortScan,Recon-PortScan,1,0.3542721,0,FN,0.9680851063829787,1.0,0.8902439024390244,0.9419354838709677
283,158264,3,Recon-PortScan,Recon-PortScan,1,0.031350635,0,FN,0.9646643109540636,1.0,0.8795180722891566,0.9358974358974359
284,38866,3,Recon-PortScan,Recon-PortScan,1,0.9999976,1,TP,0.9647887323943662,1.0,0.8809523809523809,0.9367088607594937
285,107676,3,Recon-PortScan,Recon-PortScan,1,0.022549681,0,FN,0.9614035087719298,1.0,0.8705882352941177,0.9308176100628931
286,168994,3,Recon-PortScan,Recon-PortScan,1,0.9999976,1,TP,0.9615384615384616,1.0,0.872093023255814,0.9316770186335404
287,143475,3,Recon-PortScan,Recon-PortScan,1,0.0024735476,0,FN,0.9581881533101045,1.0,0.8620689655172413,0.9259259259259259
288,65812,3,Recon-PortScan,Recon-PortScan,1,0.032602303,0,FN,0.9548611111111112,1.0,0.8522727272727273,0.9202453987730062
289,170140,3,Recon-PortScan,Recon-PortScan,1,0.09533782,0,FN,0.9515570934256056,1.0,0.8426966292134831,0.9146341463414634
290,41504,3,Recon-PortScan,Recon-PortScan,1,0.016869793,0,FN,0.9482758620689655,1.0,0.8333333333333334,0.9090909090909091
291,93009,3,Recon-PortScan,Recon-PortScan,1,0.005755759,0,FN,0.9450171821305842,1.0,0.8241758241758241,0.9036144578313253
292,170551,3,Recon-PortScan,Recon-PortScan,1,0.9999976,1,TP,0.9452054794520548,1.0,0.8260869565217391,0.9047619047619048
293,69617,3,Recon-PortScan,Recon-PortScan,1,0.019104872,0,FN,0.9419795221843004,1.0,0.8172043010752689,0.8994082840236687
294,65369,3,Recon-PortScan,Recon-PortScan,1,0.01650255,0,FN,0.9387755102040817,1.0,0.8085106382978723,0.8941176470588236
295,153225,3,Recon-PortScan,Recon-PortScan,1,0.9999976,1,TP,0.9389830508474576,1.0,0.8105263157894737,0.8953488372093024
296,32999,3,Recon-PortScan,Recon-PortScan,1,0.9999976,1,TP,0.9391891891891891,1.0,0.8125,0.896551724137931
297,156407,3,Recon-PortScan,Recon-PortScan,1,0.0043005254,0,FN,0.936026936026936,1.0,0.8041237113402062,0.8914285714285715
298,91414,3,Recon-PortScan,Recon-PortScan,1,0.022687495,0,FN,0.9328859060402684,1.0,0.7959183673469388,0.8863636363636364
299,132098,3,Recon-PortScan,Recon-PortScan,1,0.046015687,0,FN,0.9297658862876255,1.0,0.7878787878787878,0.8813559322033898
300,98368,3,Recon-PortScan,Recon-PortScan,1,0.03254046,0,FN,0.9266666666666666,1.0,0.78,0.8764044943820225
301,75566,3,Recon-PortScan,Recon-PortScan,1,0.03261338,0,FN,0.9235880398671097,1.0,0.7722772277227723,0.8715083798882681
302,32842,3,Recon-PortScan,Recon-PortScan,1,0.021703452,0,FN,0.9205298013245033,1.0,0.7647058823529411,0.8666666666666667
303,140070,3,Recon-PortScan,Recon-PortScan,1,0.27503455,0,FN,0.9174917491749175,1.0,0.7572815533980582,0.861878453038674
304,36144,3,Recon-PortScan,Recon-PortScan,1,0.21643786,0,FN,0.9144736842105263,1.0,0.75,0.8571428571428571
305,139638,3,Recon-PortScan,Recon-PortScan,1,0.03378879,0,FN,0.9114754098360656,1.0,0.7428571428571429,0.8524590163934426
306,886,3,Recon-PortScan,Recon-PortScan,1,0.9999976,1,TP,0.9117647058823529,1.0,0.7452830188679245,0.8540540540540541
307,95127,3,Recon-PortScan,Recon-PortScan,1,0.028921358,0,FN,0.9087947882736156,1.0,0.7383177570093458,0.8494623655913979
308,21219,3,Recon-PortScan,Recon-PortScan,1,0.047683578,0,FN,0.9058441558441559,1.0,0.7314814814814815,0.8449197860962567
309,171675,3,Recon-PortScan,Recon-PortScan,1,0.040356576,0,FN,0.9029126213592233,1.0,0.7247706422018348,0.8404255319148937
310,47180,3,Recon-PortScan,Recon-PortScan,1,0.9999976,1,TP,0.9032258064516129,1.0,0.7272727272727273,0.8421052631578947
311,181122,3,Recon-PortScan,Recon-PortScan,1,0.9999976,1,TP,0.9035369774919614,1.0,0.7297297297297297,0.84375
312,31090,3,Recon-PortScan,Recon-PortScan,1,0.042070933,0,FN,0.9006410256410257,1.0,0.7232142857142857,0.8393782383419689
313,179060,3,Recon-PortScan,Recon-PortScan,1,0.039899502,0,FN,0.8977635782747604,1.0,0.7168141592920354,0.8350515463917526
314,20356,3,Recon-PortScan,Recon-PortScan,1,0.0032595855,0,FN,0.8949044585987261,1.0,0.7105263157894737,0.8307692307692308
315,154709,3,Recon-PortScan,Recon-PortScan,1,0.9999976,1,TP,0.8952380952380953,1.0,0.7130434782608696,0.8324873096446701
316,44575,4,,BenignTraffic,0,0.003967837,0,TN,0.8955696202531646,1.0,0.7130434782608696,0.8324873096446701
317,95917,4,,BenignTraffic,0,0.0036234583,0,TN,0.8958990536277602,1.0,0.7130434782608696,0.8324873096446701
318,17503,4,,BenignTraffic,0,0.0076186494,0,TN,0.8962264150943396,1.0,0.7130434782608696,0.8324873096446701
319,100346,4,,BenignTraffic,0,0.011710468,0,TN,0.896551724137931,1.0,0.7130434782608696,0.8324873096446701
320,137983,4,,BenignTraffic,0,0.020712925,0,TN,0.896875,1.0,0.7130434782608696,0.8324873096446701
321,175750,4,,BenignTraffic,0,0.035693474,0,TN,0.897196261682243,1.0,0.7130434782608696,0.8324873096446701
322,97138,4,,BenignTraffic,0,0.0023293134,0,TN,0.8975155279503105,1.0,0.7130434782608696,0.8324873096446701
323,144873,4,,BenignTraffic,0,0.03004947,0,TN,0.8978328173374613,1.0,0.7130434782608696,0.8324873096446701
324,132449,4,,BenignTraffic,0,0.002332153,0,TN,0.8981481481481481,1.0,0.7130434782608696,0.8324873096446701
325,97524,4,,BenignTraffic,0,0.0146965,0,TN,0.8984615384615384,1.0,0.7130434782608696,0.8324873096446701
326,64448,4,,BenignTraffic,0,0.019317944,0,TN,0.8987730061349694,1.0,0.7130434782608696,0.8324873096446701
327,173984,4,,BenignTraffic,0,0.002849274,0,TN,0.8990825688073395,1.0,0.7130434782608696,0.8324873096446701
328,130880,4,,BenignTraffic,0,0.015774563,0,TN,0.899390243902439,1.0,0.7130434782608696,0.8324873096446701
329,112419,4,,BenignTraffic,0,0.016705604,0,TN,0.8996960486322189,1.0,0.7130434782608696,0.8324873096446701
330,174748,4,,BenignTraffic,0,0.03769992,0,TN,0.9,1.0,0.7130434782608696,0.8324873096446701
331,91941,4,,BenignTraffic,0,0.006109593,0,TN,0.9003021148036254,1.0,0.7130434782608696,0.8324873096446701
332,107845,4,,BenignTraffic,0,0.0023344296,0,TN,0.9006024096385542,1.0,0.7130434782608696,0.8324873096446701
333,13697,4,,BenignTraffic,0,0.0022948242,0,TN,0.9009009009009009,1.0,0.7130434782608696,0.8324873096446701
334,16684,4,,BenignTraffic,0,0.0023103247,0,TN,0.9011976047904192,1.0,0.7130434782608696,0.8324873096446701
335,131684,4,,BenignTraffic,0,0.007653606,0,TN,0.9014925373134328,1.0,0.7130434782608696,0.8324873096446701
336,142465,4,,BenignTraffic,0,0.023583395,0,TN,0.9017857142857143,1.0,0.7130434782608696,0.8324873096446701
337,165818,4,,BenignTraffic,0,0.012664754,0,TN,0.9020771513353115,1.0,0.7130434782608696,0.8324873096446701
338,144460,4,,BenignTraffic,0,0.0023004801,0,TN,0.9023668639053254,1.0,0.7130434782608696,0.8324873096446701
339,40712,4,,BenignTraffic,0,0.03365174,0,TN,0.9026548672566371,1.0,0.7130434782608696,0.8324873096446701
340,50712,4,,BenignTraffic,0,0.012644427,0,TN,0.9029411764705882,1.0,0.7130434782608696,0.8324873096446701
341,35615,4,,BenignTraffic,0,0.002528267,0,TN,0.9032258064516129,1.0,0.7130434782608696,0.8324873096446701
342,111547,4,,BenignTraffic,0,0.0023112616,0,TN,0.9035087719298246,1.0,0.7130434782608696,0.8324873096446701
343,77595,4,,BenignTraffic,0,0.003411052,0,TN,0.9037900874635568,1.0,0.7130434782608696,0.8324873096446701
344,153344,4,,BenignTraffic,0,0.0023340918,0,TN,0.9040697674418605,1.0,0.7130434782608696,0.8324873096446701
345,112990,4,,BenignTraffic,0,0.01193512,0,TN,0.9043478260869565,1.0,0.7130434782608696,0.8324873096446701
346,24835,4,,BenignTraffic,0,0.0023050539,0,TN,0.9046242774566474,1.0,0.7130434782608696,0.8324873096446701
347,30299,4,,BenignTraffic,0,0.006787292,0,TN,0.9048991354466859,1.0,0.7130434782608696,0.8324873096446701
348,154407,4,,BenignTraffic,0,0.003653995,0,TN,0.9051724137931034,1.0,0.7130434782608696,0.8324873096446701
349,83172,4,,BenignTraffic,0,0.002466415,0,TN,0.9054441260744985,1.0,0.7130434782608696,0.8324873096446701
350,31227,4,,BenignTraffic,0,0.046490826,0,TN,0.9057142857142857,1.0,0.7130434782608696,0.8324873096446701
351,57674,4,,BenignTraffic,0,0.05246205,0,TN,0.905982905982906,1.0,0.7130434782608696,0.8324873096446701
352,81124,4,,BenignTraffic,0,0.06934118,0,TN,0.90625,1.0,0.7130434782608696,0.8324873096446701
353,15834,4,,BenignTraffic,0,0.00448044,0,TN,0.9065155807365439,1.0,0.7130434782608696,0.8324873096446701
354,32007,4,,BenignTraffic,0,0.017675849,0,TN,0.9067796610169492,1.0,0.7130434782608696,0.8324873096446701
355,23409,4,,BenignTraffic,0,0.0024084155,0,TN,0.9070422535211268,1.0,0.7130434782608696,0.8324873096446701
356,105427,4,,BenignTraffic,0,0.0036982482,0,TN,0.9073033707865169,1.0,0.7130434782608696,0.8324873096446701
357,89569,4,,BenignTraffic,0,0.03211651,0,TN,0.907563025210084,1.0,0.7130434782608696,0.8324873096446701
358,87599,4,,BenignTraffic,0,0.004461964,0,TN,0.9078212290502793,1.0,0.7130434782608696,0.8324873096446701
359,9717,4,,BenignTraffic,0,0.017985173,0,TN,0.9080779944289693,1.0,0.7130434782608696,0.8324873096446701
360,120398,4,,BenignTraffic,0,0.0049628816,0,TN,0.9083333333333333,1.0,0.7130434782608696,0.8324873096446701
361,108502,4,,BenignTraffic,0,0.017243722,0,TN,0.9085872576177285,1.0,0.7130434782608696,0.8324873096446701
362,103300,4,,BenignTraffic,0,0.0023937763,0,TN,0.9088397790055248,1.0,0.7130434782608696,0.8324873096446701
363,156901,4,,BenignTraffic,0,0.04832557,0,TN,0.9090909090909091,1.0,0.7130434782608696,0.8324873096446701
364,142138,4,,BenignTraffic,0,0.023461744,0,TN,0.9093406593406593,1.0,0.7130434782608696,0.8324873096446701
365,1690,4,,BenignTraffic,0,0.002966616,0,TN,0.9095890410958904,1.0,0.7130434782608696,0.8324873096446701
366,58112,4,,BenignTraffic,0,0.0424237,0,TN,0.9098360655737705,1.0,0.7130434782608696,0.8324873096446701
367,17533,4,,BenignTraffic,0,0.0074066026,0,TN,0.9100817438692098,1.0,0.7130434782608696,0.8324873096446701
368,35674,4,,BenignTraffic,0,0.02105024,0,TN,0.9103260869565217,1.0,0.7130434782608696,0.8324873096446701
369,172482,4,,BenignTraffic,0,0.011013192,0,TN,0.9105691056910569,1.0,0.7130434782608696,0.8324873096446701
370,30124,4,,BenignTraffic,0,0.0037703968,0,TN,0.9108108108108108,1.0,0.7130434782608696,0.8324873096446701
371,171596,4,,BenignTraffic,0,0.0035977608,0,TN,0.9110512129380054,1.0,0.7130434782608696,0.8324873096446701
372,117888,4,,BenignTraffic,0,0.01116,0,TN,0.9112903225806451,1.0,0.7130434782608696,0.8324873096446701
373,174259,4,,BenignTraffic,0,0.0022963078,0,TN,0.9115281501340483,1.0,0.7130434782608696,0.8324873096446701
374,104568,4,,BenignTraffic,0,0.0034507758,0,TN,0.9117647058823529,1.0,0.7130434782608696,0.8324873096446701
375,114190,4,,BenignTraffic,0,0.0023255819,0,TN,0.912,1.0,0.7130434782608696,0.8324873096446701
376,67389,4,,BenignTraffic,0,0.00231772,0,TN,0.9122340425531915,1.0,0.7130434782608696,0.8324873096446701
377,115156,4,,BenignTraffic,0,0.019486446,0,TN,0.9124668435013262,1.0,0.7130434782608696,0.8324873096446701
378,171127,4,,BenignTraffic,0,0.03632606,0,TN,0.9126984126984127,1.0,0.7130434782608696,0.8324873096446701
379,95927,4,,BenignTraffic,0,0.05304236,0,TN,0.9129287598944591,1.0,0.7130434782608696,0.8324873096446701
380,122958,4,,BenignTraffic,0,0.033445556,0,TN,0.9131578947368421,1.0,0.7130434782608696,0.8324873096446701
381,30700,4,,BenignTraffic,0,0.0023064085,0,TN,0.9133858267716536,1.0,0.7130434782608696,0.8324873096446701
382,182728,4,,BenignTraffic,0,0.0023147825,0,TN,0.9136125654450262,1.0,0.7130434782608696,0.8324873096446701
383,52153,4,,BenignTraffic,0,0.0024470927,0,TN,0.9138381201044387,1.0,0.7130434782608696,0.8324873096446701
384,23756,4,,BenignTraffic,0,0.0026299823,0,TN,0.9140625,1.0,0.7130434782608696,0.8324873096446701
385,138254,4,,BenignTraffic,0,0.0024236043,0,TN,0.9142857142857143,1.0,0.7130434782608696,0.8324873096446701
386,7001,4,,BenignTraffic,0,0.034972843,0,TN,0.9145077720207254,1.0,0.7130434782608696,0.8324873096446701
387,125140,4,,BenignTraffic,0,0.002706547,0,TN,0.9147286821705426,1.0,0.7130434782608696,0.8324873096446701
388,73767,4,,BenignTraffic,0,0.002299117,0,TN,0.9149484536082474,1.0,0.7130434782608696,0.8324873096446701
389,130821,4,,BenignTraffic,0,0.03382364,0,TN,0.9151670951156813,1.0,0.7130434782608696,0.8324873096446701
390,145463,4,,BenignTraffic,0,0.002345771,0,TN,0.9153846153846154,1.0,0.7130434782608696,0.8324873096446701
391,175576,4,,BenignTraffic,0,0.03843485,0,TN,0.9156010230179028,1.0,0.7130434782608696,0.8324873096446701
392,167661,4,,BenignTraffic,0,0.0023594091,0,TN,0.9158163265306123,1.0,0.7130434782608696,0.8324873096446701
393,130792,4,,BenignTraffic,0,0.0035768,0,TN,0.916030534351145,1.0,0.7130434782608696,0.8324873096446701
394,108577,4,,BenignTraffic,0,0.03566821,0,TN,0.916243654822335,1.0,0.7130434782608696,0.8324873096446701
395,92440,4,,BenignTraffic,0,0.0033106725,0,TN,0.9164556962025316,1.0,0.7130434782608696,0.8324873096446701
396,122580,5,Mirai-udpplain,Mirai-udpplain,1,0.9999976,1,TP,0.9166666666666666,1.0,0.7155172413793104,0.8341708542713567
397,51643,5,Mirai-udpplain,Mirai-udpplain,1,0.9999976,1,TP,0.9168765743073047,1.0,0.717948717948718,0.835820895522388
398,151332,5,Mirai-udpplain,Mirai-udpplain,1,0.9999976,1,TP,0.9170854271356784,1.0,0.7203389830508474,0.8374384236453202
399,6438,5,Mirai-udpplain,Mirai-udpplain,1,0.9999976,1,TP,0.9172932330827067,1.0,0.7226890756302521,0.8390243902439024
400,69713,5,Mirai-udpplain,Mirai-udpplain,1,0.9999976,1,TP,0.9175,1.0,0.725,0.8405797101449275
401,182606,5,Mirai-udpplain,Mirai-udpplain,1,0.9999976,1,TP,0.9177057356608479,1.0,0.7272727272727273,0.8421052631578947
402,140132,5,Mirai-udpplain,Mirai-udpplain,1,0.9999976,1,TP,0.917910447761194,1.0,0.7295081967213115,0.8436018957345972
403,82570,5,Mirai-udpplain,Mirai-udpplain,1,0.9999976,1,TP,0.9181141439205955,1.0,0.7317073170731707,0.8450704225352113
404,8515,5,Mirai-udpplain,Mirai-udpplain,1,0.9999976,1,TP,0.9183168316831684,1.0,0.7338709677419355,0.8465116279069768
405,183595,5,Mirai-udpplain,Mirai-udpplain,1,0.9999976,1,TP,0.9185185185185185,1.0,0.736,0.847926267281106
406,45310,5,Mirai-udpplain,Mirai-udpplain,1,0.9999976,1,TP,0.9187192118226601,1.0,0.7380952380952381,0.8493150684931506
407,76056,5,Mirai-udpplain,Mirai-udpplain,1,0.9999976,1,TP,0.918918918918919,1.0,0.7401574803149606,0.8506787330316742
408,110981,5,Mirai-udpplain,Mirai-udpplain,1,0.9999976,1,TP,0.9191176470588235,1.0,0.7421875,0.852017937219731
409,57233,5,Mirai-udpplain,Mirai-udpplain,1,0.9999976,1,TP,0.9193154034229829,1.0,0.7441860465116279,0.8533333333333334
410,91916,5,Mirai-udpplain,Mirai-udpplain,1,0.9999976,1,TP,0.9195121951219513,1.0,0.7461538461538462,0.8546255506607929
411,175622,5,Mirai-udpplain,Mirai-udpplain,1,0.9999976,1,TP,0.9197080291970803,1.0,0.7480916030534351,0.8558951965065502
412,166543,5,Mirai-udpplain,Mirai-udpplain,1,0.9999976,1,TP,0.9199029126213593,1.0,0.75,0.8571428571428571
413,181757,5,Mirai-udpplain,Mirai-udpplain,1,0.9999976,1,TP,0.9200968523002422,1.0,0.7518796992481203,0.8583690987124464
414,52567,5,Mirai-udpplain,Mirai-udpplain,1,0.9999976,1,TP,0.9202898550724637,1.0,0.753731343283582,0.8595744680851064
415,96272,5,Mirai-udpplain,Mirai-udpplain,1,0.9999976,1,TP,0.9204819277108434,1.0,0.7555555555555555,0.8607594936708861
416,156466,5,Mirai-udpplain,Mirai-udpplain,1,0.9999976,1,TP,0.9206730769230769,1.0,0.7573529411764706,0.8619246861924686
417,122452,5,Mirai-udpplain,Mirai-udpplain,1,0.9999976,1,TP,0.920863309352518,1.0,0.7591240875912408,0.8630705394190872
418,19546,5,Mirai-udpplain,Mirai-udpplain,1,0.9999976,1,TP,0.9210526315789473,1.0,0.7608695652173914,0.8641975308641975
419,20173,5,Mirai-udpplain,Mirai-udpplain,1,0.9999976,1,TP,0.9212410501193318,1.0,0.762589928057554,0.8653061224489796
420,81597,5,Mirai-udpplain,Mirai-udpplain,1,0.9999976,1,TP,0.9214285714285714,1.0,0.7642857142857142,0.8663967611336032
421,78568,5,Mirai-udpplain,Mirai-udpplain,1,0.9999976,1,TP,0.9216152019002375,1.0,0.7659574468085106,0.8674698795180723
422,8675,5,Mirai-udpplain,Mirai-udpplain,1,0.9999976,1,TP,0.9218009478672986,1.0,0.7676056338028169,0.8685258964143426
423,2864,5,Mirai-udpplain,Mirai-udpplain,1,0.9999976,1,TP,0.9219858156028369,1.0,0.7692307692307693,0.8695652173913043
424,96665,5,Mirai-udpplain,Mirai-udpplain,1,0.9999976,1,TP,0.9221698113207547,1.0,0.7708333333333334,0.8705882352941177
425,4341,5,Mirai-udpplain,Mirai-udpplain,1,0.9999976,1,TP,0.9223529411764706,1.0,0.7724137931034483,0.8715953307392996
426,10072,5,Mirai-udpplain,Mirai-udpplain,1,0.9999976,1,TP,0.9225352112676056,1.0,0.773972602739726,0.8725868725868726
427,140807,5,Mirai-udpplain,Mirai-udpplain,1,0.9999976,1,TP,0.9227166276346604,1.0,0.7755102040816326,0.8735632183908046
428,131869,5,Mirai-udpplain,Mirai-udpplain,1,0.9999976,1,TP,0.9228971962616822,1.0,0.777027027027027,0.8745247148288974
429,158665,5,Mirai-udpplain,Mirai-udpplain,1,0.9999976,1,TP,0.9230769230769231,1.0,0.7785234899328859,0.8754716981132076
430,28689,5,Mirai-udpplain,Mirai-udpplain,1,0.9999976,1,TP,0.9232558139534883,1.0,0.78,0.8764044943820225
431,128270,5,Mirai-udpplain,Mirai-udpplain,1,0.9999976,1,TP,0.9234338747099768,1.0,0.7814569536423841,0.8773234200743495
432,53420,5,Mirai-udpplain,Mirai-udpplain,1,0.9999976,1,TP,0.9236111111111112,1.0,0.7828947368421053,0.8782287822878229
433,146709,5,Mirai-udpplain,Mirai-udpplain,1,0.9999976,1,TP,0.9237875288683602,1.0,0.7843137254901961,0.8791208791208791
434,2164,5,Mirai-udpplain,Mirai-udpplain,1,0.9999976,1,TP,0.923963133640553,1.0,0.7857142857142857,0.88
435,140345,5,Mirai-udpplain,Mirai-udpplain,1,0.9999976,1,TP,0.9241379310344827,1.0,0.7870967741935484,0.8808664259927798
436,5267,5,Mirai-udpplain,Mirai-udpplain,1,0.9999976,1,TP,0.9243119266055045,1.0,0.7884615384615384,0.8817204301075269
437,82145,5,Mirai-udpplain,Mirai-udpplain,1,0.9999976,1,TP,0.9244851258581236,1.0,0.7898089171974523,0.8825622775800712
438,119403,5,Mirai-udpplain,Mirai-udpplain,1,0.9999976,1,TP,0.9246575342465754,1.0,0.7911392405063291,0.8833922261484098
439,16629,5,Mirai-udpplain,Mirai-udpplain,1,0.9999976,1,TP,0.9248291571753986,1.0,0.7924528301886793,0.8842105263157894
440,24964,5,Mirai-udpplain,Mirai-udpplain,1,0.9999976,1,TP,0.925,1.0,0.79375,0.8850174216027874
441,148615,5,Mirai-udpplain,Mirai-udpplain,1,0.9999976,1,TP,0.9251700680272109,1.0,0.7950310559006211,0.8858131487889274
442,44301,5,Mirai-udpplain,Mirai-udpplain,1,0.9999976,1,TP,0.9253393665158371,1.0,0.7962962962962963,0.8865979381443299
443,154917,5,Mirai-udpplain,Mirai-udpplain,1,0.9999976,1,TP,0.9255079006772009,1.0,0.7975460122699386,0.8873720136518771
444,163345,5,Mirai-udpplain,Mirai-udpplain,1,0.9999976,1,TP,0.9256756756756757,1.0,0.7987804878048781,0.888135593220339
445,119430,5,Mirai-udpplain,Mirai-udpplain,1,0.9999976,1,TP,0.9258426966292135,1.0,0.8,0.8888888888888888
446,17336,5,Mirai-udpplain,Mirai-udpplain,1,0.9999976,1,TP,0.9260089686098655,1.0,0.8012048192771084,0.8896321070234113
447,2075,5,Mirai-udpplain,Mirai-udpplain,1,0.9999976,1,TP,0.9261744966442953,1.0,0.8023952095808383,0.8903654485049833
448,183682,5,Mirai-udpplain,Mirai-udpplain,1,0.9999976,1,TP,0.9263392857142857,1.0,0.8035714285714286,0.8910891089108911
449,166501,5,Mirai-udpplain,Mirai-udpplain,1,0.9999976,1,TP,0.9265033407572383,1.0,0.8047337278106509,0.8918032786885246
450,54874,5,Mirai-udpplain,Mirai-udpplain,1,0.9999976,1,TP,0.9266666666666666,1.0,0.8058823529411765,0.8925081433224755
451,118435,5,Mirai-udpplain,Mirai-udpplain,1,0.9999976,1,TP,0.926829268292683,1.0,0.8070175438596491,0.8932038834951457
452,26324,5,Mirai-udpplain,Mirai-udpplain,1,0.9999976,1,TP,0.9269911504424779,1.0,0.8081395348837209,0.8938906752411575
453,1019,5,Mirai-udpplain,Mirai-udpplain,1,0.9999976,1,TP,0.9271523178807947,1.0,0.8092485549132948,0.8945686900958466
454,116327,5,Mirai-udpplain,Mirai-udpplain,1,0.9999976,1,TP,0.9273127753303965,1.0,0.8103448275862069,0.8952380952380953
455,35386,5,Mirai-udpplain,Mirai-udpplain,1,0.9999976,1,TP,0.9274725274725275,1.0,0.8114285714285714,0.8958990536277602
456,97936,6,,BenignTraffic,0,0.009268219,0,TN,0.9276315789473685,1.0,0.8114285714285714,0.8958990536277602
457,174610,6,,BenignTraffic,0,0.0034433308,0,TN,0.9277899343544858,1.0,0.8114285714285714,0.8958990536277602
458,111407,6,,BenignTraffic,0,0.017979035,0,TN,0.9279475982532751,1.0,0.8114285714285714,0.8958990536277602
459,111758,6,,BenignTraffic,0,0.003558535,0,TN,0.9281045751633987,1.0,0.8114285714285714,0.8958990536277602
460,126058,6,,BenignTraffic,0,0.043567467,0,TN,0.9282608695652174,1.0,0.8114285714285714,0.8958990536277602
461,115381,6,,BenignTraffic,0,0.0025041336,0,TN,0.928416485900217,1.0,0.8114285714285714,0.8958990536277602
462,138384,6,,BenignTraffic,0,0.0045712427,0,TN,0.9285714285714286,1.0,0.8114285714285714,0.8958990536277602
463,27970,6,,BenignTraffic,0,0.015472006,0,TN,0.9287257019438445,1.0,0.8114285714285714,0.8958990536277602
464,56804,6,,BenignTraffic,0,0.002315275,0,TN,0.9288793103448276,1.0,0.8114285714285714,0.8958990536277602
465,43218,6,,BenignTraffic,0,0.002940983,0,TN,0.9290322580645162,1.0,0.8114285714285714,0.8958990536277602
466,80212,6,,BenignTraffic,0,0.004492605,0,TN,0.9291845493562232,1.0,0.8114285714285714,0.8958990536277602
467,77147,6,,BenignTraffic,0,0.0035191232,0,TN,0.9293361884368309,1.0,0.8114285714285714,0.8958990536277602
468,141240,6,,BenignTraffic,0,0.0026662392,0,TN,0.9294871794871795,1.0,0.8114285714285714,0.8958990536277602
469,48814,6,,BenignTraffic,0,0.007671738,0,TN,0.929637526652452,1.0,0.8114285714285714,0.8958990536277602
470,169564,6,,BenignTraffic,0,0.0045992853,0,TN,0.9297872340425531,1.0,0.8114285714285714,0.8958990536277602
471,65711,6,,BenignTraffic,0,0.0023219716,0,TN,0.9299363057324841,1.0,0.8114285714285714,0.8958990536277602
472,171969,6,,BenignTraffic,0,0.005235933,0,TN,0.9300847457627118,1.0,0.8114285714285714,0.8958990536277602
473,16693,6,,BenignTraffic,0,0.069988966,0,TN,0.9302325581395349,1.0,0.8114285714285714,0.8958990536277602
474,30589,6,,BenignTraffic,0,0.002302638,0,TN,0.930379746835443,1.0,0.8114285714285714,0.8958990536277602
475,7328,6,,BenignTraffic,0,0.002324832,0,TN,0.9305263157894736,1.0,0.8114285714285714,0.8958990536277602
476,54398,6,,BenignTraffic,0,0.0023282175,0,TN,0.930672268907563,1.0,0.8114285714285714,0.8958990536277602
477,17335,6,,BenignTraffic,0,0.002284285,0,TN,0.9308176100628931,1.0,0.8114285714285714,0.8958990536277602
478,44349,6,,BenignTraffic,0,0.022148095,0,TN,0.9309623430962343,1.0,0.8114285714285714,0.8958990536277602
479,178908,6,,BenignTraffic,0,0.018220214,0,TN,0.9311064718162839,1.0,0.8114285714285714,0.8958990536277602
480,178830,6,,BenignTraffic,0,0.004697264,0,TN,0.93125,1.0,0.8114285714285714,0.8958990536277602
481,107608,6,,BenignTraffic,0,0.010873826,0,TN,0.9313929313929314,1.0,0.8114285714285714,0.8958990536277602
482,106899,6,,BenignTraffic,0,0.0024161015,0,TN,0.9315352697095436,1.0,0.8114285714285714,0.8958990536277602
483,153410,6,,BenignTraffic,0,0.0069280993,0,TN,0.9316770186335404,1.0,0.8114285714285714,0.8958990536277602
484,24094,6,,BenignTraffic,0,0.0023238037,0,TN,0.9318181818181818,1.0,0.8114285714285714,0.8958990536277602
485,72536,6,,BenignTraffic,0,0.0024352286,0,TN,0.931958762886598,1.0,0.8114285714285714,0.8958990536277602
486,166853,6,,BenignTraffic,0,0.0031104733,0,TN,0.9320987654320988,1.0,0.8114285714285714,0.8958990536277602
487,86198,6,,BenignTraffic,0,0.002345788,0,TN,0.9322381930184805,1.0,0.8114285714285714,0.8958990536277602
488,32238,6,,BenignTraffic,0,0.0023188144,0,TN,0.9323770491803278,1.0,0.8114285714285714,0.8958990536277602
489,74082,6,,BenignTraffic,0,0.5013491,1,FP,0.9304703476482618,0.993006993006993,0.8114285714285714,0.8930817610062893
490,21660,6,,BenignTraffic,0,0.0023591996,0,TN,0.9306122448979591,0.993006993006993,0.8114285714285714,0.8930817610062893
491,173952,6,,BenignTraffic,0,0.091010734,0,TN,0.9307535641547862,0.993006993006993,0.8114285714285714,0.8930817610062893
492,28529,6,,BenignTraffic,0,0.02098455,0,TN,0.9308943089430894,0.993006993006993,0.8114285714285714,0.8930817610062893
493,98375,6,,BenignTraffic,0,0.0023113957,0,TN,0.9310344827586207,0.993006993006993,0.8114285714285714,0.8930817610062893
494,142917,6,,BenignTraffic,0,0.010425832,0,TN,0.9311740890688259,0.993006993006993,0.8114285714285714,0.8930817610062893
495,103520,6,,BenignTraffic,0,0.106999196,0,TN,0.9313131313131313,0.993006993006993,0.8114285714285714,0.8930817610062893
496,75221,6,,BenignTraffic,0,0.0032890516,0,TN,0.9314516129032258,0.993006993006993,0.8114285714285714,0.8930817610062893
497,117655,6,,BenignTraffic,0,0.005181806,0,TN,0.93158953722334,0.993006993006993,0.8114285714285714,0.8930817610062893
498,104415,6,,BenignTraffic,0,0.0023892408,0,TN,0.9317269076305221,0.993006993006993,0.8114285714285714,0.8930817610062893
499,172710,6,,BenignTraffic,0,0.0023183844,0,TN,0.9318637274549099,0.993006993006993,0.8114285714285714,0.8930817610062893
500,82506,6,,BenignTraffic,0,0.002290587,0,TN,0.932,0.993006993006993,0.8114285714285714,0.8930817610062893
501,45188,6,,BenignTraffic,0,0.058806688,0,TN,0.9321357285429142,0.993006993006993,0.8114285714285714,0.8930817610062893
502,26197,6,,BenignTraffic,0,0.002368329,0,TN,0.9322709163346613,0.993006993006993,0.8114285714285714,0.8930817610062893
503,23172,6,,BenignTraffic,0,0.004481091,0,TN,0.9324055666003976,0.993006993006993,0.8114285714285714,0.8930817610062893
504,114552,6,,BenignTraffic,0,0.0039557153,0,TN,0.9325396825396826,0.993006993006993,0.8114285714285714,0.8930817610062893
505,80516,6,,BenignTraffic,0,0.0023300315,0,TN,0.9326732673267327,0.993006993006993,0.8114285714285714,0.8930817610062893
506,74591,6,,BenignTraffic,0,0.0023037845,0,TN,0.932806324110672,0.993006993006993,0.8114285714285714,0.8930817610062893
507,38770,6,,BenignTraffic,0,0.026890744,0,TN,0.9329388560157791,0.993006993006993,0.8114285714285714,0.8930817610062893
508,75563,6,,BenignTraffic,0,0.0037141277,0,TN,0.9330708661417323,0.993006993006993,0.8114285714285714,0.8930817610062893
509,110040,6,,BenignTraffic,0,0.004510302,0,TN,0.9332023575638507,0.993006993006993,0.8114285714285714,0.8930817610062893
510,183852,6,,BenignTraffic,0,0.06383657,0,TN,0.9333333333333333,0.993006993006993,0.8114285714285714,0.8930817610062893
511,178854,6,,BenignTraffic,0,0.0024137362,0,TN,0.9334637964774951,0.993006993006993,0.8114285714285714,0.8930817610062893
512,124533,6,,BenignTraffic,0,0.035856392,0,TN,0.93359375,0.993006993006993,0.8114285714285714,0.8930817610062893
513,93170,6,,BenignTraffic,0,0.0023869665,0,TN,0.9337231968810916,0.993006993006993,0.8114285714285714,0.8930817610062893
514,53572,6,,BenignTraffic,0,0.03329134,0,TN,0.933852140077821,0.993006993006993,0.8114285714285714,0.8930817610062893
515,72705,6,,BenignTraffic,0,0.0059572556,0,TN,0.9339805825242719,0.993006993006993,0.8114285714285714,0.8930817610062893
516,66829,6,,BenignTraffic,0,0.0025853366,0,TN,0.9341085271317829,0.993006993006993,0.8114285714285714,0.8930817610062893
517,158902,6,,BenignTraffic,0,0.020739594,0,TN,0.9342359767891683,0.993006993006993,0.8114285714285714,0.8930817610062893
518,98497,6,,BenignTraffic,0,0.0104308035,0,TN,0.9343629343629344,0.993006993006993,0.8114285714285714,0.8930817610062893
519,26912,6,,BenignTraffic,0,0.0027357608,0,TN,0.9344894026974951,0.993006993006993,0.8114285714285714,0.8930817610062893
520,83567,6,,BenignTraffic,0,0.012977897,0,TN,0.9346153846153846,0.993006993006993,0.8114285714285714,0.8930817610062893
521,22893,7,MITM-ArpSpoofing,MITM-ArpSpoofing,1,0.0039024577,0,FN,0.9328214971209213,0.993006993006993,0.8068181818181818,0.890282131661442
522,108317,7,MITM-ArpSpoofing,MITM-ArpSpoofing,1,0.042259157,0,FN,0.9310344827586207,0.993006993006993,0.8022598870056498,0.8875
523,3782,7,MITM-ArpSpoofing,MITM-ArpSpoofing,1,0.9999864,1,TP,0.9311663479923518,0.9930555555555556,0.8033707865168539,0.8881987577639752
524,72717,7,MITM-ArpSpoofing,MITM-ArpSpoofing,1,0.8524784,1,TP,0.9312977099236641,0.993103448275862,0.8044692737430168,0.8888888888888888
525,79416,7,MITM-ArpSpoofing,MITM-ArpSpoofing,1,0.92256856,1,TP,0.9314285714285714,0.9931506849315068,0.8055555555555556,0.8895705521472392
526,118009,7,MITM-ArpSpoofing,MITM-ArpSpoofing,1,0.040573988,0,FN,0.9296577946768061,0.9931506849315068,0.8011049723756906,0.8868501529051988
527,154277,7,MITM-ArpSpoofing,MITM-ArpSpoofing,1,0.97861356,1,TP,0.9297912713472486,0.9931972789115646,0.8021978021978022,0.8875379939209727
528,69369,7,MITM-ArpSpoofing,MITM-ArpSpoofing,1,0.97961813,1,TP,0.9299242424242424,0.9932432432432432,0.8032786885245902,0.8882175226586103
529,31767,7,MITM-ArpSpoofing,MITM-ArpSpoofing,1,0.999997,1,TP,0.9300567107750473,0.9932885906040269,0.8043478260869565,0.8888888888888888
530,181782,7,MITM-ArpSpoofing,MITM-ArpSpoofing,1,0.9999976,1,TP,0.930188679245283,0.9933333333333333,0.8054054054054054,0.8895522388059701
531,27299,7,MITM-ArpSpoofing,MITM-ArpSpoofing,1,0.36936516,0,FN,0.928436911487759,0.9933333333333333,0.8010752688172043,0.8869047619047619
532,64775,7,MITM-ArpSpoofing,MITM-ArpSpoofing,1,0.9999906,1,TP,0.9285714285714286,0.9933774834437086,0.8021390374331551,0.8875739644970414
533,136955,7,MITM-ArpSpoofing,MITM-ArpSpoofing,1,0.9999969,1,TP,0.9287054409005628,0.993421052631579,0.8031914893617021,0.888235294117647
534,148012,7,MITM-ArpSpoofing,MITM-ArpSpoofing,1,0.97936475,1,TP,0.9288389513108615,0.9934640522875817,0.8042328042328042,0.8888888888888888
535,84255,7,MITM-ArpSpoofing,MITM-ArpSpoofing,1,0.08857493,0,FN,0.9271028037383178,0.9934640522875817,0.8,0.8862973760932945
536,139974,7,MITM-ArpSpoofing,MITM-ArpSpoofing,1,0.99534625,1,TP,0.9272388059701493,0.9935064935064936,0.8010471204188482,0.8869565217391304
537,29606,7,MITM-ArpSpoofing,MITM-ArpSpoofing,1,0.9999974,1,TP,0.9273743016759777,0.9935483870967742,0.8020833333333334,0.8876080691642652
538,56274,7,MITM-ArpSpoofing,MITM-ArpSpoofing,1,0.025652334,0,FN,0.9256505576208178,0.9935483870967742,0.7979274611398963,0.8850574712643678
539,4570,7,MITM-ArpSpoofing,MITM-ArpSpoofing,1,0.057324216,0,FN,0.9239332096474954,0.9935483870967742,0.7938144329896907,0.8825214899713467
540,89328,7,MITM-ArpSpoofing,MITM-ArpSpoofing,1,0.81554186,1,TP,0.924074074074074,0.9935897435897436,0.7948717948717948,0.8831908831908832
541,14921,7,MITM-ArpSpoofing,MITM-ArpSpoofing,1,0.9999969,1,TP,0.9242144177449169,0.9936305732484076,0.7959183673469388,0.8838526912181303
542,76635,7,MITM-ArpSpoofing,MITM-ArpSpoofing,1,0.0777253,0,FN,0.922509225092251,0.9936305732484076,0.7918781725888325,0.8813559322033898
543,128264,7,MITM-ArpSpoofing,MITM-ArpSpoofing,1,0.03335157,0,FN,0.9208103130755064,0.9936305732484076,0.7878787878787878,0.8788732394366198
544,43822,7,MITM-ArpSpoofing,MITM-ArpSpoofing,1,0.15748887,0,FN,0.9191176470588235,0.9936305732484076,0.7839195979899497,0.8764044943820225
545,75411,7,MITM-ArpSpoofing,MITM-ArpSpoofing,1,0.0026079712,0,FN,0.9174311926605505,0.9936305732484076,0.78,0.8739495798319328
546,121840,7,MITM-ArpSpoofing,MITM-ArpSpoofing,1,0.9999473,1,TP,0.9175824175824175,0.9936708860759493,0.7810945273631841,0.8746518105849582
547,90549,7,MITM-ArpSpoofing,MITM-ArpSpoofing,1,0.9999969,1,TP,0.9177330895795247,0.9937106918238994,0.7821782178217822,0.8753462603878116
548,127757,7,MITM-ArpSpoofing,MITM-ArpSpoofing,1,0.9999976,1,TP,0.9178832116788321,0.99375,0.7832512315270936,0.8760330578512396
549,94803,7,MITM-ArpSpoofing,MITM-ArpSpoofing,1,0.07782287,0,FN,0.9162112932604736,0.99375,0.7794117647058824,0.8736263736263736
550,169056,7,MITM-ArpSpoofing,MITM-ArpSpoofing,1,0.0038232051,0,FN,0.9145454545454546,0.99375,0.775609756097561,0.8712328767123287
551,126625,7,MITM-ArpSpoofing,MITM-ArpSpoofing,1,0.03796725,0,FN,0.9128856624319419,0.99375,0.7718446601941747,0.8688524590163934
552,129474,7,MITM-ArpSpoofing,MITM-ArpSpoofing,1,0.02426755,0,FN,0.9112318840579711,0.99375,0.7681159420289855,0.8664850136239782
553,132030,7,MITM-ArpSpoofing,MITM-ArpSpoofing,1,0.01275469,0,FN,0.9095840867992767,0.99375,0.7644230769230769,0.8641304347826086
554,180569,7,MITM-ArpSpoofing,MITM-ArpSpoofing,1,0.9999976,1,TP,0.9097472924187726,0.9937888198757764,0.7655502392344498,0.8648648648648649
555,125413,7,MITM-ArpSpoofing,MITM-ArpSpoofing,1,0.9950106,1,TP,0.9099099099099099,0.9938271604938271,0.7666666666666667,0.8655913978494624
556,138257,7,MITM-ArpSpoofing,MITM-ArpSpoofing,1,0.9999975,1,TP,0.9100719424460432,0.9938650306748467,0.7677725118483413,0.8663101604278075
557,39392,7,MITM-ArpSpoofing,MITM-ArpSpoofing,1,0.010451728,0,FN,0.9084380610412927,0.9938650306748467,0.7641509433962265,0.864
558,60938,7,MITM-ArpSpoofing,MITM-ArpSpoofing,1,0.97888625,1,TP,0.9086021505376344,0.9939024390243902,0.7652582159624414,0.8647214854111406
559,173385,7,MITM-ArpSpoofing,MITM-ArpSpoofing,1,0.9999976,1,TP,0.9087656529516994,0.9939393939393939,0.7663551401869159,0.8654353562005277
560,65855,7,MITM-ArpSpoofing,MITM-ArpSpoofing,1,0.059978645,0,FN,0.9071428571428571,0.9939393939393939,0.7627906976744186,0.8631578947368421
561,155997,8,,BenignTraffic,0,0.0511121,0,TN,0.9073083778966132,0.9939393939393939,0.7627906976744186,0.8631578947368421
562,93097,8,,BenignTraffic,0,0.002302106,0,TN,0.9074733096085409,0.9939393939393939,0.7627906976744186,0.8631578947368421
563,152725,8,,BenignTraffic,0,0.0023033232,0,TN,0.9076376554174067,0.9939393939393939,0.7627906976744186,0.8631578947368421
564,10737,8,,BenignTraffic,0,0.008297952,0,TN,0.9078014184397163,0.9939393939393939,0.7627906976744186,0.8631578947368421
565,166999,8,,BenignTraffic,0,0.012821359,0,TN,0.9079646017699115,0.9939393939393939,0.7627906976744186,0.8631578947368421
566,130513,8,,BenignTraffic,0,0.0027755746,0,TN,0.9081272084805654,0.9939393939393939,0.7627906976744186,0.8631578947368421
567,60637,8,,BenignTraffic,0,0.0083207665,0,TN,0.908289241622575,0.9939393939393939,0.7627906976744186,0.8631578947368421
568,125193,8,,BenignTraffic,0,0.002342331,0,TN,0.9084507042253521,0.9939393939393939,0.7627906976744186,0.8631578947368421
569,54803,8,,BenignTraffic,0,0.037752837,0,TN,0.9086115992970123,0.9939393939393939,0.7627906976744186,0.8631578947368421
570,106280,8,,BenignTraffic,0,0.0061331927,0,TN,0.9087719298245615,0.9939393939393939,0.7627906976744186,0.8631578947368421
571,111753,8,,BenignTraffic,0,0.0036664878,0,TN,0.9089316987740805,0.9939393939393939,0.7627906976744186,0.8631578947368421
572,78162,8,,BenignTraffic,0,0.0023161618,0,TN,0.9090909090909091,0.9939393939393939,0.7627906976744186,0.8631578947368421
573,15413,8,,BenignTraffic,0,0.0023116353,0,TN,0.9092495636998255,0.9939393939393939,0.7627906976744186,0.8631578947368421
574,170998,8,,BenignTraffic,0,0.0023678557,0,TN,0.9094076655052264,0.9939393939393939,0.7627906976744186,0.8631578947368421
575,118086,8,,BenignTraffic,0,0.008040573,0,TN,0.9095652173913044,0.9939393939393939,0.7627906976744186,0.8631578947368421
576,98706,8,,BenignTraffic,0,0.014900028,0,TN,0.9097222222222222,0.9939393939393939,0.7627906976744186,0.8631578947368421
577,65233,8,,BenignTraffic,0,0.0029943718,0,TN,0.9098786828422877,0.9939393939393939,0.7627906976744186,0.8631578947368421
578,134998,8,,BenignTraffic,0,0.0033010836,0,TN,0.9100346020761245,0.9939393939393939,0.7627906976744186,0.8631578947368421
579,97600,8,,BenignTraffic,0,0.0024662253,0,TN,0.9101899827288429,0.9939393939393939,0.7627906976744186,0.8631578947368421
580,46930,8,,BenignTraffic,0,0.002758464,0,TN,0.9103448275862069,0.9939393939393939,0.7627906976744186,0.8631578947368421
581,42742,8,,BenignTraffic,0,0.018845579,0,TN,0.9104991394148021,0.9939393939393939,0.7627906976744186,0.8631578947368421
582,88939,8,,BenignTraffic,0,0.0022982247,0,TN,0.9106529209621993,0.9939393939393939,0.7627906976744186,0.8631578947368421
583,107655,8,,BenignTraffic,0,0.0023002797,0,TN,0.9108061749571184,0.9939393939393939,0.7627906976744186,0.8631578947368421
584,153312,8,,BenignTraffic,0,0.02093621,0,TN,0.910958904109589,0.9939393939393939,0.7627906976744186,0.8631578947368421
585,121727,8,,BenignTraffic,0,0.0025532078,0,TN,0.9111111111111111,0.9939393939393939,0.7627906976744186,0.8631578947368421
586,140120,8,,BenignTraffic,0,0.016860226,0,TN,0.9112627986348123,0.9939393939393939,0.7627906976744186,0.8631578947368421
587,161371,8,,BenignTraffic,0,0.025591103,0,TN,0.9114139693356048,0.9939393939393939,0.7627906976744186,0.8631578947368421
588,154307,8,,BenignTraffic,0,0.013201057,0,TN,0.9115646258503401,0.9939393939393939,0.7627906976744186,0.8631578947368421
589,115808,8,,BenignTraffic,0,0.0023172407,0,TN,0.9117147707979627,0.9939393939393939,0.7627906976744186,0.8631578947368421
590,181753,8,,BenignTraffic,0,0.002409133,0,TN,0.911864406779661,0.9939393939393939,0.7627906976744186,0.8631578947368421
591,90460,8,,BenignTraffic,0,0.00237626,0,TN,0.9120135363790186,0.9939393939393939,0.7627906976744186,0.8631578947368421
592,144321,8,,BenignTraffic,0,0.002466861,0,TN,0.9121621621621622,0.9939393939393939,0.7627906976744186,0.8631578947368421
593,66321,8,,BenignTraffic,0,0.06847475,0,TN,0.9123102866779089,0.9939393939393939,0.7627906976744186,0.8631578947368421
594,59263,8,,BenignTraffic,0,0.0025681793,0,TN,0.9124579124579124,0.9939393939393939,0.7627906976744186,0.8631578947368421
595,138178,8,,BenignTraffic,0,0.0023321796,0,TN,0.9126050420168067,0.9939393939393939,0.7627906976744186,0.8631578947368421
596,131306,8,,BenignTraffic,0,0.0024834517,0,TN,0.912751677852349,0.9939393939393939,0.7627906976744186,0.8631578947368421
597,101208,8,,BenignTraffic,0,0.002577005,0,TN,0.9128978224455612,0.9939393939393939,0.7627906976744186,0.8631578947368421
598,73334,8,,BenignTraffic,0,0.036448926,0,TN,0.9130434782608695,0.9939393939393939,0.7627906976744186,0.8631578947368421
599,156350,8,,BenignTraffic,0,0.002384842,0,TN,0.9131886477462438,0.9939393939393939,0.7627906976744186,0.8631578947368421
600,2722,8,,BenignTraffic,0,0.0025722866,0,TN,0.9133333333333333,0.9939393939393939,0.7627906976744186,0.8631578947368421
