epoch,accuracy,learning_rate,loss,lr,val_accuracy,val_loss
0,0.9509650468826294,0.0010000000474974513,0.09558672457933426,0.0010000000474974513,0.9656376838684082,0.11235754936933517
1,0.9648219347000122,0.0010000000474974513,0.07414165884256363,0.0010000000474974513,0.9635365009307861,0.10699062794446945
2,0.9648570418357849,0.0010000000474974513,0.07263609021902084,0.0010000000474974513,0.9633727669715881,0.1181429922580719
3,0.9659373760223389,0.0010000000474974513,0.07042527943849564,0.0010000000474974513,0.9713886380195618,0.07950989156961441
4,0.9679649472236633,0.0010000000474974513,0.06651771068572998,0.0010000000474974513,0.9681004285812378,0.09883813560009003
5,0.968767523765564,0.0010000000474974513,0.06334009021520615,0.0010000000474974513,0.9676433205604553,0.09522192925214767
6,0.9694647789001465,0.0005000000237487257,0.06018894165754318,0.0005000000237487257,0.9685984253883362,0.09321261942386627
7,0.9697805643081665,0.0005000000237487257,0.059291355311870575,0.0005000000237487257,0.9705699682235718,0.0900236964225769
8,0.9703345894813538,0.0002500000118743628,0.05815698578953743,0.0002500000118743628,0.9702288508415222,0.08362326771020889
